symbol,split,observations,mrs_threshold,ree_threshold,wds_freeze,wds_unfreeze,eligible_minutes,eligible_rate,freeze_minutes,freeze_rate,unfreeze_minutes,unfreeze_rate
GBPJPY,training,21082,50,50,65,35,916,0.04345,253,0.012,8638,0.40973
GBPJPY,training,21082,50,50,70,40,916,0.04345,114,0.00541,12301,0.58348
GBPJPY,training,21082,50,50,75,45,916,0.04345,29,0.00138,15675,0.74353
GBPJPY,training,21082,50,50,80,50,916,0.04345,5,0.00024,18355,0.87065
GBPJPY,training,21082,50,55,65,35,904,0.04288,253,0.012,8638,0.40973
GBPJPY,training,21082,50,55,70,40,904,0.04288,114,0.00541,12301,0.58348
GBPJPY,training,21082,50,55,75,45,904,0.04288,29,0.00138,15675,0.74353
GBPJPY,training,21082,50,55,80,50,904,0.04288,5,0.00024,18355,0.87065
GBPJPY,training,21082,50,60,65,35,871,0.04131,253,0.012,8638,0.40973
GBPJPY,training,21082,50,60,70,40,871,0.04131,114,0.00541,12301,0.58348
GBPJPY,training,21082,50,60,75,45,871,0.04131,29,0.00138,15675,0.74353
GBPJPY,training,21082,50,60,80,50,871,0.04131,5,0.00024,18355,0.87065
GBPJPY,training,21082,55,50,65,35,433,0.02054,253,0.012,8638,0.40973
GBPJPY,training,21082,55,50,70,40,433,0.02054,114,0.00541,12301,0.58348
GBPJPY,training,21082,55,50,75,45,433,0.02054,29,0.00138,15675,0.74353
GBPJPY,training,21082,55,50,80,50,433,0.02054,5,0.00024,18355,0.87065
GBPJPY,training,21082,55,55,65,35,430,0.0204,253,0.012,8638,0.40973
GBPJPY,training,21082,55,55,70,40,430,0.0204,114,0.00541,12301,0.58348
GBPJPY,training,21082,55,55,75,45,430,0.0204,29,0.00138,15675,0.74353
GBPJPY,training,21082,55,55,80,50,430,0.0204,5,0.00024,18355,0.87065
GBPJPY,training,21082,55,60,65,35,427,0.02025,253,0.012,8638,0.40973
GBPJPY,training,21082,55,60,70,40,427,0.02025,114,0.00541,12301,0.58348
GBPJPY,training,21082,55,60,75,45,427,0.02025,29,0.00138,15675,0.74353
GBPJPY,training,21082,55,60,80,50,427,0.02025,5,0.00024,18355,0.87065
GBPJPY,training,21082,60,50,65,35,172,0.00816,253,0.012,8638,0.40973
GBPJPY,training,21082,60,50,70,40,172,0.00816,114,0.00541,12301,0.58348
GBPJPY,training,21082,60,50,75,45,172,0.00816,29,0.00138,15675,0.74353
GBPJPY,training,21082,60,50,80,50,172,0.00816,5,0.00024,18355,0.87065
GBPJPY,training,21082,60,55,65,35,171,0.00811,253,0.012,8638,0.40973
GBPJPY,training,21082,60,55,70,40,171,0.00811,114,0.00541,12301,0.58348
GBPJPY,training,21082,60,55,75,45,171,0.00811,29,0.00138,15675,0.74353
GBPJPY,training,21082,60,55,80,50,171,0.00811,5,0.00024,18355,0.87065
GBPJPY,training,21082,60,60,65,35,170,0.00806,253,0.012,8638,0.40973
GBPJPY,training,21082,60,60,70,40,170,0.00806,114,0.00541,12301,0.58348
GBPJPY,training,21082,60,60,75,45,170,0.00806,29,0.00138,15675,0.74353
GBPJPY,training,21082,60,60,80,50,170,0.00806,5,0.00024,18355,0.87065
GBPJPY,training,21082,65,50,65,35,66,0.00313,253,0.012,8638,0.40973
GBPJPY,training,21082,65,50,70,40,66,0.00313,114,0.00541,12301,0.58348
GBPJPY,training,21082,65,50,75,45,66,0.00313,29,0.00138,15675,0.74353
GBPJPY,training,21082,65,50,80,50,66,0.00313,5,0.00024,18355,0.87065
GBPJPY,training,21082,65,55,65,35,65,0.00308,253,0.012,8638,0.40973
GBPJPY,training,21082,65,55,70,40,65,0.00308,114,0.00541,12301,0.58348
GBPJPY,training,21082,65,55,75,45,65,0.00308,29,0.00138,15675,0.74353
GBPJPY,training,21082,65,55,80,50,65,0.00308,5,0.00024,18355,0.87065
GBPJPY,training,21082,65,60,65,35,65,0.00308,253,0.012,8638,0.40973
GBPJPY,training,21082,65,60,70,40,65,0.00308,114,0.00541,12301,0.58348
GBPJPY,training,21082,65,60,75,45,65,0.00308,29,0.00138,15675,0.74353
GBPJPY,training,21082,65,60,80,50,65,0.00308,5,0.00024,18355,0.87065
GBPJPY,validation,9036,50,50,65,35,351,0.03884,50,0.00553,3518,0.38933
GBPJPY,validation,9036,50,50,70,40,351,0.03884,19,0.0021,5119,0.56651
GBPJPY,validation,9036,50,50,75,45,351,0.03884,9,0.001,6675,0.73871
GBPJPY,validation,9036,50,50,80,50,351,0.03884,3,0.00033,7928,0.87738
GBPJPY,validation,9036,50,55,65,35,344,0.03807,50,0.00553,3518,0.38933
GBPJPY,validation,9036,50,55,70,40,344,0.03807,19,0.0021,5119,0.56651
GBPJPY,validation,9036,50,55,75,45,344,0.03807,9,0.001,6675,0.73871
GBPJPY,validation,9036,50,55,80,50,344,0.03807,3,0.00033,7928,0.87738
GBPJPY,validation,9036,50,60,65,35,313,0.03464,50,0.00553,3518,0.38933
GBPJPY,validation,9036,50,60,70,40,313,0.03464,19,0.0021,5119,0.56651
GBPJPY,validation,9036,50,60,75,45,313,0.03464,9,0.001,6675,0.73871
GBPJPY,validation,9036,50,60,80,50,313,0.03464,3,0.00033,7928,0.87738
GBPJPY,validation,9036,55,50,65,35,176,0.01948,50,0.00553,3518,0.38933
GBPJPY,validation,9036,55,50,70,40,176,0.01948,19,0.0021,5119,0.56651
GBPJPY,validation,9036,55,50,75,45,176,0.01948,9,0.001,6675,0.73871
GBPJPY,validation,9036,55,50,80,50,176,0.01948,3,0.00033,7928,0.87738
GBPJPY,validation,9036,55,55,65,35,175,0.01937,50,0.00553,3518,0.38933
GBPJPY,validation,9036,55,55,70,40,175,0.01937,19,0.0021,5119,0.56651
GBPJPY,validation,9036,55,55,75,45,175,0.01937,9,0.001,6675,0.73871
GBPJPY,validation,9036,55,55,80,50,175,0.01937,3,0.00033,7928,0.87738
GBPJPY,validation,9036,55,60,65,35,164,0.01815,50,0.00553,3518,0.38933
GBPJPY,validation,9036,55,60,70,40,164,0.01815,19,0.0021,5119,0.56651
GBPJPY,validation,9036,55,60,75,45,164,0.01815,9,0.001,6675,0.73871
GBPJPY,validation,9036,55,60,80,50,164,0.01815,3,0.00033,7928,0.87738
GBPJPY,validation,9036,60,50,65,35,80,0.00885,50,0.00553,3518,0.38933
GBPJPY,validation,9036,60,50,70,40,80,0.00885,19,0.0021,5119,0.56651
GBPJPY,validation,9036,60,50,75,45,80,0.00885,9,0.001,6675,0.73871
GBPJPY,validation,9036,60,50,80,50,80,0.00885,3,0.00033,7928,0.87738
GBPJPY,validation,9036,60,55,65,35,80,0.00885,50,0.00553,3518,0.38933
GBPJPY,validation,9036,60,55,70,40,80,0.00885,19,0.0021,5119,0.56651
GBPJPY,validation,9036,60,55,75,45,80,0.00885,9,0.001,6675,0.73871
GBPJPY,validation,9036,60,55,80,50,80,0.00885,3,0.00033,7928,0.87738
GBPJPY,validation,9036,60,60,65,35,78,0.00863,50,0.00553,3518,0.38933
GBPJPY,validation,9036,60,60,70,40,78,0.00863,19,0.0021,5119,0.56651
GBPJPY,validation,9036,60,60,75,45,78,0.00863,9,0.001,6675,0.73871
GBPJPY,validation,9036,60,60,80,50,78,0.00863,3,0.00033,7928,0.87738
GBPJPY,validation,9036,65,50,65,35,35,0.00387,50,0.00553,3518,0.38933
GBPJPY,validation,9036,65,50,70,40,35,0.00387,19,0.0021,5119,0.56651
GBPJPY,validation,9036,65,50,75,45,35,0.00387,9,0.001,6675,0.73871
GBPJPY,validation,9036,65,50,80,50,35,0.00387,3,0.00033,7928,0.87738
GBPJPY,validation,9036,65,55,65,35,35,0.00387,50,0.00553,3518,0.38933
GBPJPY,validation,9036,65,55,70,40,35,0.00387,19,0.0021,5119,0.56651
GBPJPY,validation,9036,65,55,75,45,35,0.00387,9,0.001,6675,0.73871
GBPJPY,validation,9036,65,55,80,50,35,0.00387,3,0.00033,7928,0.87738
GBPJPY,validation,9036,65,60,65,35,35,0.00387,50,0.00553,3518,0.38933
GBPJPY,validation,9036,65,60,70,40,35,0.00387,19,0.0021,5119,0.56651
GBPJPY,validation,9036,65,60,75,45,35,0.00387,9,0.001,6675,0.73871
GBPJPY,validation,9036,65,60,80,50,35,0.00387,3,0.00033,7928,0.87738
USDJPY,training,21076,50,50,65,35,1234,0.05855,182,0.00864,9011,0.42755
USDJPY,training,21076,50,50,70,40,1234,0.05855,84,0.00399,12616,0.5986
USDJPY,training,21076,50,50,75,45,1234,0.05855,49,0.00232,15881,0.75351
USDJPY,training,21076,50,50,80,50,1234,0.05855,24,0.00114,18441,0.87498
USDJPY,training,21076,50,55,65,35,1214,0.0576,182,0.00864,9011,0.42755
USDJPY,training,21076,50,55,70,40,1214,0.0576,84,0.00399,12616,0.5986
USDJPY,training,21076,50,55,75,45,1214,0.0576,49,0.00232,15881,0.75351
USDJPY,training,21076,50,55,80,50,1214,0.0576,24,0.00114,18441,0.87498
USDJPY,training,21076,50,60,65,35,1163,0.05518,182,0.00864,9011,0.42755
USDJPY,training,21076,50,60,70,40,1163,0.05518,84,0.00399,12616,0.5986
USDJPY,training,21076,50,60,75,45,1163,0.05518,49,0.00232,15881,0.75351
USDJPY,training,21076,50,60,80,50,1163,0.05518,24,0.00114,18441,0.87498
USDJPY,training,21076,55,50,65,35,597,0.02833,182,0.00864,9011,0.42755
USDJPY,training,21076,55,50,70,40,597,0.02833,84,0.00399,12616,0.5986
USDJPY,training,21076,55,50,75,45,597,0.02833,49,0.00232,15881,0.75351
USDJPY,training,21076,55,50,80,50,597,0.02833,24,0.00114,18441,0.87498
USDJPY,training,21076,55,55,65,35,590,0.02799,182,0.00864,9011,0.42755
USDJPY,training,21076,55,55,70,40,590,0.02799,84,0.00399,12616,0.5986
USDJPY,training,21076,55,55,75,45,590,0.02799,49,0.00232,15881,0.75351
USDJPY,training,21076,55,55,80,50,590,0.02799,24,0.00114,18441,0.87498
USDJPY,training,21076,55,60,65,35,581,0.02757,182,0.00864,9011,0.42755
USDJPY,training,21076,55,60,70,40,581,0.02757,84,0.00399,12616,0.5986
USDJPY,training,21076,55,60,75,45,581,0.02757,49,0.00232,15881,0.75351
USDJPY,training,21076,55,60,80,50,581,0.02757,24,0.00114,18441,0.87498
USDJPY,training,21076,60,50,65,35,285,0.01352,182,0.00864,9011,0.42755
USDJPY,training,21076,60,50,70,40,285,0.01352,84,0.00399,12616,0.5986
USDJPY,training,21076,60,50,75,45,285,0.01352,49,0.00232,15881,0.75351
USDJPY,training,21076,60,50,80,50,285,0.01352,24,0.00114,18441,0.87498
USDJPY,training,21076,60,55,65,35,284,0.01348,182,0.00864,9011,0.42755
USDJPY,training,21076,60,55,70,40,284,0.01348,84,0.00399,12616,0.5986
USDJPY,training,21076,60,55,75,45,284,0.01348,49,0.00232,15881,0.75351
USDJPY,training,21076,60,55,80,50,284,0.01348,24,0.00114,18441,0.87498
USDJPY,training,21076,60,60,65,35,281,0.01333,182,0.00864,9011,0.42755
USDJPY,training,21076,60,60,70,40,281,0.01333,84,0.00399,12616,0.5986
USDJPY,training,21076,60,60,75,45,281,0.01333,49,0.00232,15881,0.75351
USDJPY,training,21076,60,60,80,50,281,0.01333,24,0.00114,18441,0.87498
USDJPY,training,21076,65,50,65,35,123,0.00584,182,0.00864,9011,0.42755
USDJPY,training,21076,65,50,70,40,123,0.00584,84,0.00399,12616,0.5986
USDJPY,training,21076,65,50,75,45,123,0.00584,49,0.00232,15881,0.75351
USDJPY,training,21076,65,50,80,50,123,0.00584,24,0.00114,18441,0.87498
USDJPY,training,21076,65,55,65,35,122,0.00579,182,0.00864,9011,0.42755
USDJPY,training,21076,65,55,70,40,122,0.00579,84,0.00399,12616,0.5986
USDJPY,training,21076,65,55,75,45,122,0.00579,49,0.00232,15881,0.75351
USDJPY,training,21076,65,55,80,50,122,0.00579,24,0.00114,18441,0.87498
USDJPY,training,21076,65,60,65,35,122,0.00579,182,0.00864,9011,0.42755
USDJPY,training,21076,65,60,70,40,122,0.00579,84,0.00399,12616,0.5986
USDJPY,training,21076,65,60,75,45,122,0.00579,49,0.00232,15881,0.75351
USDJPY,training,21076,65,60,80,50,122,0.00579,24,0.00114,18441,0.87498
USDJPY,validation,9033,50,50,65,35,493,0.05458,106,0.01173,3709,0.41061
USDJPY,validation,9033,50,50,70,40,493,0.05458,36,0.00399,5176,0.57301
USDJPY,validation,9033,50,50,75,45,493,0.05458,5,0.00055,6582,0.72866
USDJPY,validation,9033,50,50,80,50,493,0.05458,0,0.0,7751,0.85808
USDJPY,validation,9033,50,55,65,35,480,0.05314,106,0.01173,3709,0.41061
USDJPY,validation,9033,50,55,70,40,480,0.05314,36,0.00399,5176,0.57301
USDJPY,validation,9033,50,55,75,45,480,0.05314,5,0.00055,6582,0.72866
USDJPY,validation,9033,50,55,80,50,480,0.05314,0,0.0,7751,0.85808
USDJPY,validation,9033,50,60,65,35,436,0.04827,106,0.01173,3709,0.41061
USDJPY,validation,9033,50,60,70,40,436,0.04827,36,0.00399,5176,0.57301
USDJPY,validation,9033,50,60,75,45,436,0.04827,5,0.00055,6582,0.72866
USDJPY,validation,9033,50,60,80,50,436,0.04827,0,0.0,7751,0.85808
USDJPY,validation,9033,55,50,65,35,256,0.02834,106,0.01173,3709,0.41061
USDJPY,validation,9033,55,50,70,40,256,0.02834,36,0.00399,5176,0.57301
USDJPY,validation,9033,55,50,75,45,256,0.02834,5,0.00055,6582,0.72866
USDJPY,validation,9033,55,50,80,50,256,0.02834,0,0.0,7751,0.85808
USDJPY,validation,9033,55,55,65,35,252,0.0279,106,0.01173,3709,0.41061
USDJPY,validation,9033,55,55,70,40,252,0.0279,36,0.00399,5176,0.57301
USDJPY,validation,9033,55,55,75,45,252,0.0279,5,0.00055,6582,0.72866
USDJPY,validation,9033,55,55,80,50,252,0.0279,0,0.0,7751,0.85808
USDJPY,validation,9033,55,60,65,35,225,0.02491,106,0.01173,3709,0.41061
USDJPY,validation,9033,55,60,70,40,225,0.02491,36,0.00399,5176,0.57301
USDJPY,validation,9033,55,60,75,45,225,0.02491,5,0.00055,6582,0.72866
USDJPY,validation,9033,55,60,80,50,225,0.02491,0,0.0,7751,0.85808
USDJPY,validation,9033,60,50,65,35,121,0.0134,106,0.01173,3709,0.41061
USDJPY,validation,9033,60,50,70,40,121,0.0134,36,0.00399,5176,0.57301
USDJPY,validation,9033,60,50,75,45,121,0.0134,5,0.00055,6582,0.72866
USDJPY,validation,9033,60,50,80,50,121,0.0134,0,0.0,7751,0.85808
USDJPY,validation,9033,60,55,65,35,119,0.01317,106,0.01173,3709,0.41061
USDJPY,validation,9033,60,55,70,40,119,0.01317,36,0.00399,5176,0.57301
USDJPY,validation,9033,60,55,75,45,119,0.01317,5,0.00055,6582,0.72866
USDJPY,validation,9033,60,55,80,50,119,0.01317,0,0.0,7751,0.85808
USDJPY,validation,9033,60,60,65,35,107,0.01185,106,0.01173,3709,0.41061
USDJPY,validation,9033,60,60,70,40,107,0.01185,36,0.00399,5176,0.57301
USDJPY,validation,9033,60,60,75,45,107,0.01185,5,0.00055,6582,0.72866
USDJPY,validation,9033,60,60,80,50,107,0.01185,0,0.0,7751,0.85808
USDJPY,validation,9033,65,50,65,35,55,0.00609,106,0.01173,3709,0.41061
USDJPY,validation,9033,65,50,70,40,55,0.00609,36,0.00399,5176,0.57301
USDJPY,validation,9033,65,50,75,45,55,0.00609,5,0.00055,6582,0.72866
USDJPY,validation,9033,65,50,80,50,55,0.00609,0,0.0,7751,0.85808
USDJPY,validation,9033,65,55,65,35,55,0.00609,106,0.01173,3709,0.41061
USDJPY,validation,9033,65,55,70,40,55,0.00609,36,0.00399,5176,0.57301
USDJPY,validation,9033,65,55,75,45,55,0.00609,5,0.00055,6582,0.72866
USDJPY,validation,9033,65,55,80,50,55,0.00609,0,0.0,7751,0.85808
USDJPY,validation,9033,65,60,65,35,49,0.00542,106,0.01173,3709,0.41061
USDJPY,validation,9033,65,60,70,40,49,0.00542,36,0.00399,5176,0.57301
USDJPY,validation,9033,65,60,75,45,49,0.00542,5,0.00055,6582,0.72866
USDJPY,validation,9033,65,60,80,50,49,0.00542,0,0.0,7751,0.85808
XAUUSD,training,20165,50,50,65,35,1000,0.04959,66,0.00327,8355,0.41433
XAUUSD,training,20165,50,50,70,40,1000,0.04959,20,0.00099,12001,0.59514
XAUUSD,training,20165,50,50,75,45,1000,0.04959,4,0.0002,15310,0.75924
XAUUSD,training,20165,50,50,80,50,1000,0.04959,1,5e-05,18027,0.89397
XAUUSD,training,20165,50,55,65,35,976,0.0484,66,0.00327,8355,0.41433
XAUUSD,training,20165,50,55,70,40,976,0.0484,20,0.00099,12001,0.59514
XAUUSD,training,20165,50,55,75,45,976,0.0484,4,0.0002,15310,0.75924
XAUUSD,training,20165,50,55,80,50,976,0.0484,1,5e-05,18027,0.89397
XAUUSD,training,20165,50,60,65,35,940,0.04662,66,0.00327,8355,0.41433
XAUUSD,training,20165,50,60,70,40,940,0.04662,20,0.00099,12001,0.59514
XAUUSD,training,20165,50,60,75,45,940,0.04662,4,0.0002,15310,0.75924
XAUUSD,training,20165,50,60,80,50,940,0.04662,1,5e-05,18027,0.89397
XAUUSD,training,20165,55,50,65,35,509,0.02524,66,0.00327,8355,0.41433
XAUUSD,training,20165,55,50,70,40,509,0.02524,20,0.00099,12001,0.59514
XAUUSD,training,20165,55,50,75,45,509,0.02524,4,0.0002,15310,0.75924
XAUUSD,training,20165,55,50,80,50,509,0.02524,1,5e-05,18027,0.89397
XAUUSD,training,20165,55,55,65,35,490,0.0243,66,0.00327,8355,0.41433
XAUUSD,training,20165,55,55,70,40,490,0.0243,20,0.00099,12001,0.59514
XAUUSD,training,20165,55,55,75,45,490,0.0243,4,0.0002,15310,0.75924
XAUUSD,training,20165,55,55,80,50,490,0.0243,1,5e-05,18027,0.89397
XAUUSD,training,20165,55,60,65,35,475,0.02356,66,0.00327,8355,0.41433
XAUUSD,training,20165,55,60,70,40,475,0.02356,20,0.00099,12001,0.59514
XAUUSD,training,20165,55,60,75,45,475,0.02356,4,0.0002,15310,0.75924
XAUUSD,training,20165,55,60,80,50,475,0.02356,1,5e-05,18027,0.89397
XAUUSD,training,20165,60,50,65,35,243,0.01205,66,0.00327,8355,0.41433
XAUUSD,training,20165,60,50,70,40,243,0.01205,20,0.00099,12001,0.59514
XAUUSD,training,20165,60,50,75,45,243,0.01205,4,0.0002,15310,0.75924
XAUUSD,training,20165,60,50,80,50,243,0.01205,1,5e-05,18027,0.89397
XAUUSD,training,20165,60,55,65,35,232,0.01151,66,0.00327,8355,0.41433
XAUUSD,training,20165,60,55,70,40,232,0.01151,20,0.00099,12001,0.59514
XAUUSD,training,20165,60,55,75,45,232,0.01151,4,0.0002,15310,0.75924
XAUUSD,training,20165,60,55,80,50,232,0.01151,1,5e-05,18027,0.89397
XAUUSD,training,20165,60,60,65,35,225,0.01116,66,0.00327,8355,0.41433
XAUUSD,training,20165,60,60,70,40,225,0.01116,20,0.00099,12001,0.59514
XAUUSD,training,20165,60,60,75,45,225,0.01116,4,0.0002,15310,0.75924
XAUUSD,training,20165,60,60,80,50,225,0.01116,1,5e-05,18027,0.89397
XAUUSD,training,20165,65,50,65,35,109,0.00541,66,0.00327,8355,0.41433
XAUUSD,training,20165,65,50,70,40,109,0.00541,20,0.00099,12001,0.59514
XAUUSD,training,20165,65,50,75,45,109,0.00541,4,0.0002,15310,0.75924
XAUUSD,training,20165,65,50,80,50,109,0.00541,1,5e-05,18027,0.89397
XAUUSD,training,20165,65,55,65,35,102,0.00506,66,0.00327,8355,0.41433
XAUUSD,training,20165,65,55,70,40,102,0.00506,20,0.00099,12001,0.59514
XAUUSD,training,20165,65,55,75,45,102,0.00506,4,0.0002,15310,0.75924
XAUUSD,training,20165,65,55,80,50,102,0.00506,1,5e-05,18027,0.89397
XAUUSD,training,20165,65,60,65,35,97,0.00481,66,0.00327,8355,0.41433
XAUUSD,training,20165,65,60,70,40,97,0.00481,20,0.00099,12001,0.59514
XAUUSD,training,20165,65,60,75,45,97,0.00481,4,0.0002,15310,0.75924
XAUUSD,training,20165,65,60,80,50,97,0.00481,1,5e-05,18027,0.89397
XAUUSD,validation,8643,50,50,65,35,416,0.04813,44,0.00509,3480,0.40264
XAUUSD,validation,8643,50,50,70,40,416,0.04813,22,0.00255,5080,0.58776
XAUUSD,validation,8643,50,50,75,45,416,0.04813,9,0.00104,6522,0.7546
XAUUSD,validation,8643,50,50,80,50,416,0.04813,3,0.00035,7646,0.88465
XAUUSD,validation,8643,50,55,65,35,401,0.0464,44,0.00509,3480,0.40264
XAUUSD,validation,8643,50,55,70,40,401,0.0464,22,0.00255,5080,0.58776
XAUUSD,validation,8643,50,55,75,45,401,0.0464,9,0.00104,6522,0.7546
XAUUSD,validation,8643,50,55,80,50,401,0.0464,3,0.00035,7646,0.88465
XAUUSD,validation,8643,50,60,65,35,371,0.04292,44,0.00509,3480,0.40264
XAUUSD,validation,8643,50,60,70,40,371,0.04292,22,0.00255,5080,0.58776
XAUUSD,validation,8643,50,60,75,45,371,0.04292,9,0.00104,6522,0.7546
XAUUSD,validation,8643,50,60,80,50,371,0.04292,3,0.00035,7646,0.88465
XAUUSD,validation,8643,55,50,65,35,212,0.02453,44,0.00509,3480,0.40264
XAUUSD,validation,8643,55,50,70,40,212,0.02453,22,0.00255,5080,0.58776
XAUUSD,validation,8643,55,50,75,45,212,0.02453,9,0.00104,6522,0.7546
XAUUSD,validation,8643,55,50,80,50,212,0.02453,3,0.00035,7646,0.88465
XAUUSD,validation,8643,55,55,65,35,207,0.02395,44,0.00509,3480,0.40264
XAUUSD,validation,8643,55,55,70,40,207,0.02395,22,0.00255,5080,0.58776
XAUUSD,validation,8643,55,55,75,45,207,0.02395,9,0.00104,6522,0.7546
XAUUSD,validation,8643,55,55,80,50,207,0.02395,3,0.00035,7646,0.88465
XAUUSD,validation,8643,55,60,65,35,193,0.02233,44,0.00509,3480,0.40264
XAUUSD,validation,8643,55,60,70,40,193,0.02233,22,0.00255,5080,0.58776
XAUUSD,validation,8643,55,60,75,45,193,0.02233,9,0.00104,6522,0.7546
XAUUSD,validation,8643,55,60,80,50,193,0.02233,3,0.00035,7646,0.88465
XAUUSD,validation,8643,60,50,65,35,102,0.0118,44,0.00509,3480,0.40264
XAUUSD,validation,8643,60,50,70,40,102,0.0118,22,0.00255,5080,0.58776
XAUUSD,validation,8643,60,50,75,45,102,0.0118,9,0.00104,6522,0.7546
XAUUSD,validation,8643,60,50,80,50,102,0.0118,3,0.00035,7646,0.88465
XAUUSD,validation,8643,60,55,65,35,101,0.01169,44,0.00509,3480,0.40264
XAUUSD,validation,8643,60,55,70,40,101,0.01169,22,0.00255,5080,0.58776
XAUUSD,validation,8643,60,55,75,45,101,0.01169,9,0.00104,6522,0.7546
XAUUSD,validation,8643,60,55,80,50,101,0.01169,3,0.00035,7646,0.88465
XAUUSD,validation,8643,60,60,65,35,95,0.01099,44,0.00509,3480,0.40264
XAUUSD,validation,8643,60,60,70,40,95,0.01099,22,0.00255,5080,0.58776
XAUUSD,validation,8643,60,60,75,45,95,0.01099,9,0.00104,6522,0.7546
XAUUSD,validation,8643,60,60,80,50,95,0.01099,3,0.00035,7646,0.88465
XAUUSD,validation,8643,65,50,65,35,41,0.00474,44,0.00509,3480,0.40264
XAUUSD,validation,8643,65,50,70,40,41,0.00474,22,0.00255,5080,0.58776
XAUUSD,validation,8643,65,50,75,45,41,0.00474,9,0.00104,6522,0.7546
XAUUSD,validation,8643,65,50,80,50,41,0.00474,3,0.00035,7646,0.88465
XAUUSD,validation,8643,65,55,65,35,40,0.00463,44,0.00509,3480,0.40264
XAUUSD,validation,8643,65,55,70,40,40,0.00463,22,0.00255,5080,0.58776
XAUUSD,validation,8643,65,55,75,45,40,0.00463,9,0.00104,6522,0.7546
XAUUSD,validation,8643,65,55,80,50,40,0.00463,3,0.00035,7646,0.88465
XAUUSD,validation,8643,65,60,65,35,37,0.00428,44,0.00509,3480,0.40264
XAUUSD,validation,8643,65,60,70,40,37,0.00428,22,0.00255,5080,0.58776
XAUUSD,validation,8643,65,60,75,45,37,0.00428,9,0.00104,6522,0.7546
XAUUSD,validation,8643,65,60,80,50,37,0.00428,3,0.00035,7646,0.88465
